

{

    "Rot_201": [

        [

            0.75337807603916118,

            0.65726666238986509,

            0.02054285896409851

        ],

        [

            -0.65757071345513074,

            0.75321500489941906,

            0.016368054266720961

        ],

        [

            -0.0047150132175876559,

            -0.025839715657397205,

            0.999654979352928

        ]

    ],

    "T_201": [

        0.509108559460706,

        -0.519969218648123,

        -0.028860161280767

    ],

    "Rot_202": [

        [

            0.025325813719925046,

            0.99943937281770434,

            0.021898475316270549

        ],

        [

            -0.9994641425792502,

            0.02485988427232461,

            0.021293516672707229

        ],

        [

            0.020737185386351,

            -0.022426016492464323,

            0.9995334126113703

        ]

    ],

    "T_202": [

        0.763381807493519,

        -0.750744984513547,

        -0.019696314833864

    ],

    "Rot_204": [

        [

            0.70772603786974264,

            0.70648084840906034,

            0.00294383294533577

        ],

        [

            -0.70648363172101758,

            0.70772936993987523,

            -0.0001305173893113262

        ],

        [

            -0.0021756450715435332,

            -0.001987399235590387,

            0.9999956583969758

        ]

    ],

    "T_204": [

        0.252875636120679,

        -0.268657818233816,

        -0.039722512688602

    ],

    "203_to_LCAM": {

        "Rot_203": [

            [

                0.76317029889837362,

                -0.645566871613331,

                -0.028539606772766655

            ],

            [

                -0.0052526286220607411,

                0.03796661025265137,

                -0.9992652032360988

            ],

            [

                0.64617606329229338,

                0.76275943178783456,

                0.025584066267383607

            ]

        ],

        "T_203": [

            -0.0382492229990747,

            -0.10691958388490674,

            0.16173619457621852

        ]

    },

    "LCAM": {

        "fx": 1905.0073069942055,

        "fy": 1877.9244307521139,

        "cx": 781.11502968226068,

        "cy": 597.1603061382998,

        "alpha_c": -0.0044706561948475963,

        "k": [

            -0.10814375828789952,

            0.25890643443807515,

            0.023874741054342119,

            -0.021267110301366576

        ]

    }

}

